operator,gpu,phase,status,configured,passed,failed,skipped,errors,total,exit_code,returncode,duration,duration_sec,row_count,speedup,data_file,log_path,stdout_log_path,stderr_log_path,data_path,reason,command
axpby_f16_int,,accuracy,NOT_CONFIGURED,,,,,,,0,,0.0,,,,,,,,,accuracy phase was not run,
axpby_f16_int,,performance,Passed,True,,,,,,0,0,16.405426590994466,16.405426590994466,12,0.8808119607338184,axpby/performance_result.json,/root/gcx/q4/FlagSparse/results_musa_q4_20260928T145913Z/performance/axpby/performance_stdout.log,/root/gcx/q4/FlagSparse/results_musa_q4_20260928T145913Z/performance/axpby/performance_stdout.log,/root/gcx/q4/FlagSparse/results_musa_q4_20260928T145913Z/performance/axpby/performance_stderr.log,/root/gcx/q4/FlagSparse/results_musa_q4_20260928T145913Z/performance/axpby/performance.csv,,/usr/bin/python3 /root/gcx/q4/FlagSparse/tests/test_vector_ops.py --op axpby --csv-summary /root/gcx/q4/FlagSparse/results_musa_q4_20260928T145913Z/performance/axpby/performance.csv --warmup 5 --iters 20
gather_c32_int,,accuracy,NOT_CONFIGURED,,,,,,,0,,0.0,,,,,,,,,accuracy phase was not run,
gather_c32_int,,performance,Passed,True,,,,,,0,0,12.041675159998704,12.041675159998704,56,2.6530555177840145,gather/performance_result.json,/root/gcx/q4/FlagSparse/results_musa_q4_20260928T145913Z/performance/gather/performance_stdout.log,/root/gcx/q4/FlagSparse/results_musa_q4_20260928T145913Z/performance/gather/performance_stdout.log,/root/gcx/q4/FlagSparse/results_musa_q4_20260928T145913Z/performance/gather/performance_stderr.log,/root/gcx/q4/FlagSparse/results_musa_q4_20260928T145913Z/performance/gather/performance.csv,,/usr/bin/python3 /root/gcx/q4/FlagSparse/tests/test_gather.py --csv-summary /root/gcx/q4/FlagSparse/results_musa_q4_20260928T145913Z/performance/gather/performance.csv --warmup 5 --iters 20
gather_c64_int,,accuracy,NOT_CONFIGURED,,,,,,,0,,0.0,,,,,,,,,accuracy phase was not run,
gather_c64_int,,performance,Passed,True,,,,,,0,0,12.041675159998704,12.041675159998704,56,2.6530555177840145,gather/performance_result.json,/root/gcx/q4/FlagSparse/results_musa_q4_20260928T145913Z/performance/gather/performance_stdout.log,/root/gcx/q4/FlagSparse/results_musa_q4_20260928T145913Z/performance/gather/performance_stdout.log,/root/gcx/q4/FlagSparse/results_musa_q4_20260928T145913Z/performance/gather/performance_stderr.log,/root/gcx/q4/FlagSparse/results_musa_q4_20260928T145913Z/performance/gather/performance.csv,,/usr/bin/python3 /root/gcx/q4/FlagSparse/tests/test_gather.py --csv-summary /root/gcx/q4/FlagSparse/results_musa_q4_20260928T145913Z/performance/gather/performance.csv --warmup 5 --iters 20
gather_f16_int,,accuracy,NOT_CONFIGURED,,,,,,,0,,0.0,,,,,,,,,accuracy phase was not run,
gather_f16_int,,performance,Passed,True,,,,,,0,0,12.041675159998704,12.041675159998704,56,2.6530555177840145,gather/performance_result.json,/root/gcx/q4/FlagSparse/results_musa_q4_20260928T145913Z/performance/gather/performance_stdout.log,/root/gcx/q4/FlagSparse/results_musa_q4_20260928T145913Z/performance/gather/performance_stdout.log,/root/gcx/q4/FlagSparse/results_musa_q4_20260928T145913Z/performance/gather/performance_stderr.log,/root/gcx/q4/FlagSparse/results_musa_q4_20260928T145913Z/performance/gather/performance.csv,,/usr/bin/python3 /root/gcx/q4/FlagSparse/tests/test_gather.py --csv-summary /root/gcx/q4/FlagSparse/results_musa_q4_20260928T145913Z/performance/gather/performance.csv --warmup 5 --iters 20
gather_f32_int,,accuracy,NOT_CONFIGURED,,,,,,,0,,0.0,,,,,,,,,accuracy phase was not run,
gather_f32_int,,performance,Passed,True,,,,,,0,0,12.041675159998704,12.041675159998704,56,2.6530555177840145,gather/performance_result.json,/root/gcx/q4/FlagSparse/results_musa_q4_20260928T145913Z/performance/gather/performance_stdout.log,/root/gcx/q4/FlagSparse/results_musa_q4_20260928T145913Z/performance/gather/performance_stdout.log,/root/gcx/q4/FlagSparse/results_musa_q4_20260928T145913Z/performance/gather/performance_stderr.log,/root/gcx/q4/FlagSparse/results_musa_q4_20260928T145913Z/performance/gather/performance.csv,,/usr/bin/python3 /root/gcx/q4/FlagSparse/tests/test_gather.py --csv-summary /root/gcx/q4/FlagSparse/results_musa_q4_20260928T145913Z/performance/gather/performance.csv --warmup 5 --iters 20
gather_f64_int,,accuracy,NOT_CONFIGURED,,,,,,,0,,0.0,,,,,,,,,accuracy phase was not run,
gather_f64_int,,performance,Passed,True,,,,,,0,0,12.041675159998704,12.041675159998704,56,2.6530555177840145,gather/performance_result.json,/root/gcx/q4/FlagSparse/results_musa_q4_20260928T145913Z/performance/gather/performance_stdout.log,/root/gcx/q4/FlagSparse/results_musa_q4_20260928T145913Z/performance/gather/performance_stdout.log,/root/gcx/q4/FlagSparse/results_musa_q4_20260928T145913Z/performance/gather/performance_stderr.log,/root/gcx/q4/FlagSparse/results_musa_q4_20260928T145913Z/performance/gather/performance.csv,,/usr/bin/python3 /root/gcx/q4/FlagSparse/tests/test_gather.py --csv-summary /root/gcx/q4/FlagSparse/results_musa_q4_20260928T145913Z/performance/gather/performance.csv --warmup 5 --iters 20
gather_i8_int,,accuracy,NOT_CONFIGURED,,,,,,,0,,0.0,,,,,,,,,accuracy phase was not run,
gather_i8_int,,performance,Passed,True,,,,,,0,0,12.041675159998704,12.041675159998704,56,2.6530555177840145,gather/performance_result.json,/root/gcx/q4/FlagSparse/results_musa_q4_20260928T145913Z/performance/gather/performance_stdout.log,/root/gcx/q4/FlagSparse/results_musa_q4_20260928T145913Z/performance/gather/performance_stdout.log,/root/gcx/q4/FlagSparse/results_musa_q4_20260928T145913Z/performance/gather/performance_stderr.log,/root/gcx/q4/FlagSparse/results_musa_q4_20260928T145913Z/performance/gather/performance.csv,,/usr/bin/python3 /root/gcx/q4/FlagSparse/tests/test_gather.py --csv-summary /root/gcx/q4/FlagSparse/results_musa_q4_20260928T145913Z/performance/gather/performance.csv --warmup 5 --iters 20
scatter_c32_int,,accuracy,NOT_CONFIGURED,,,,,,,0,,0.0,,,,,,,,,accuracy phase was not run,
scatter_c32_int,,performance,Passed,True,,,,,,0,0,19.216859702020884,19.216859702020884,48,3.868924508892188,scatter/performance_result.json,/root/gcx/q4/FlagSparse/results_musa_q4_20260928T145913Z/performance/scatter/performance_stdout.log,/root/gcx/q4/FlagSparse/results_musa_q4_20260928T145913Z/performance/scatter/performance_stdout.log,/root/gcx/q4/FlagSparse/results_musa_q4_20260928T145913Z/performance/scatter/performance_stderr.log,/root/gcx/q4/FlagSparse/results_musa_q4_20260928T145913Z/performance/scatter/performance.csv,,/usr/bin/python3 /root/gcx/q4/FlagSparse/tests/test_scatter.py --csv-summary /root/gcx/q4/FlagSparse/results_musa_q4_20260928T145913Z/performance/scatter/performance.csv --warmup 5 --iters 20
scatter_c64_int,,accuracy,NOT_CONFIGURED,,,,,,,0,,0.0,,,,,,,,,accuracy phase was not run,
scatter_c64_int,,performance,Passed,True,,,,,,0,0,19.216859702020884,19.216859702020884,48,3.868924508892188,scatter/performance_result.json,/root/gcx/q4/FlagSparse/results_musa_q4_20260928T145913Z/performance/scatter/performance_stdout.log,/root/gcx/q4/FlagSparse/results_musa_q4_20260928T145913Z/performance/scatter/performance_stdout.log,/root/gcx/q4/FlagSparse/results_musa_q4_20260928T145913Z/performance/scatter/performance_stderr.log,/root/gcx/q4/FlagSparse/results_musa_q4_20260928T145913Z/performance/scatter/performance.csv,,/usr/bin/python3 /root/gcx/q4/FlagSparse/tests/test_scatter.py --csv-summary /root/gcx/q4/FlagSparse/results_musa_q4_20260928T145913Z/performance/scatter/performance.csv --warmup 5 --iters 20
scatter_f16_int,,accuracy,NOT_CONFIGURED,,,,,,,0,,0.0,,,,,,,,,accuracy phase was not run,
scatter_f16_int,,performance,Passed,True,,,,,,0,0,19.216859702020884,19.216859702020884,48,3.868924508892188,scatter/performance_result.json,/root/gcx/q4/FlagSparse/results_musa_q4_20260928T145913Z/performance/scatter/performance_stdout.log,/root/gcx/q4/FlagSparse/results_musa_q4_20260928T145913Z/performance/scatter/performance_stdout.log,/root/gcx/q4/FlagSparse/results_musa_q4_20260928T145913Z/performance/scatter/performance_stderr.log,/root/gcx/q4/FlagSparse/results_musa_q4_20260928T145913Z/performance/scatter/performance.csv,,/usr/bin/python3 /root/gcx/q4/FlagSparse/tests/test_scatter.py --csv-summary /root/gcx/q4/FlagSparse/results_musa_q4_20260928T145913Z/performance/scatter/performance.csv --warmup 5 --iters 20
scatter_f32_int,,accuracy,NOT_CONFIGURED,,,,,,,0,,0.0,,,,,,,,,accuracy phase was not run,
scatter_f32_int,,performance,Passed,True,,,,,,0,0,19.216859702020884,19.216859702020884,48,3.868924508892188,scatter/performance_result.json,/root/gcx/q4/FlagSparse/results_musa_q4_20260928T145913Z/performance/scatter/performance_stdout.log,/root/gcx/q4/FlagSparse/results_musa_q4_20260928T145913Z/performance/scatter/performance_stdout.log,/root/gcx/q4/FlagSparse/results_musa_q4_20260928T145913Z/performance/scatter/performance_stderr.log,/root/gcx/q4/FlagSparse/results_musa_q4_20260928T145913Z/performance/scatter/performance.csv,,/usr/bin/python3 /root/gcx/q4/FlagSparse/tests/test_scatter.py --csv-summary /root/gcx/q4/FlagSparse/results_musa_q4_20260928T145913Z/performance/scatter/performance.csv --warmup 5 --iters 20
scatter_f64_int,,accuracy,NOT_CONFIGURED,,,,,,,0,,0.0,,,,,,,,,accuracy phase was not run,
scatter_f64_int,,performance,Passed,True,,,,,,0,0,19.216859702020884,19.216859702020884,48,3.868924508892188,scatter/performance_result.json,/root/gcx/q4/FlagSparse/results_musa_q4_20260928T145913Z/performance/scatter/performance_stdout.log,/root/gcx/q4/FlagSparse/results_musa_q4_20260928T145913Z/performance/scatter/performance_stdout.log,/root/gcx/q4/FlagSparse/results_musa_q4_20260928T145913Z/performance/scatter/performance_stderr.log,/root/gcx/q4/FlagSparse/results_musa_q4_20260928T145913Z/performance/scatter/performance.csv,,/usr/bin/python3 /root/gcx/q4/FlagSparse/tests/test_scatter.py --csv-summary /root/gcx/q4/FlagSparse/results_musa_q4_20260928T145913Z/performance/scatter/performance.csv --warmup 5 --iters 20
scatter_i8_int,,accuracy,NOT_CONFIGURED,,,,,,,0,,0.0,,,,,,,,,accuracy phase was not run,
scatter_i8_int,,performance,Passed,True,,,,,,0,0,19.216859702020884,19.216859702020884,48,3.868924508892188,scatter/performance_result.json,/root/gcx/q4/FlagSparse/results_musa_q4_20260928T145913Z/performance/scatter/performance_stdout.log,/root/gcx/q4/FlagSparse/results_musa_q4_20260928T145913Z/performance/scatter/performance_stdout.log,/root/gcx/q4/FlagSparse/results_musa_q4_20260928T145913Z/performance/scatter/performance_stderr.log,/root/gcx/q4/FlagSparse/results_musa_q4_20260928T145913Z/performance/scatter/performance.csv,,/usr/bin/python3 /root/gcx/q4/FlagSparse/tests/test_scatter.py --csv-summary /root/gcx/q4/FlagSparse/results_musa_q4_20260928T145913Z/performance/scatter/performance.csv --warmup 5 --iters 20
sddmm_csr_f32_int_non_non_col,,accuracy,NOT_CONFIGURED,,,,,,,0,,0.0,,,,,,,,,accuracy phase was not run,
sddmm_csr_f32_int_non_non_col,,performance,Passed,True,,,,,,0,0,238.18472994299373,238.18472994299373,110,,sddmm_csr/performance_result.json,/root/gcx/q4/FlagSparse/results_musa_q4_20260928T145913Z/performance/sddmm_csr/performance_stdout.log,/root/gcx/q4/FlagSparse/results_musa_q4_20260928T145913Z/performance/sddmm_csr/performance_stdout.log,/root/gcx/q4/FlagSparse/results_musa_q4_20260928T145913Z/performance/sddmm_csr/performance_stderr.log,/root/gcx/q4/FlagSparse/results_musa_q4_20260928T145913Z/performance/sddmm_csr/performance.csv,,/usr/bin/python3 /root/gcx/q4/FlagSparse/tests/test_sddmm.py /root/gcx/q4/FlagSparse/tests/data --csv /root/gcx/q4/FlagSparse/results_musa_q4_20260928T145913Z/performance/sddmm_csr/performance.csv --q4-variants --warmup 5 --iters 20
sddmm_csr_f32_int_non_non_row,,accuracy,NOT_CONFIGURED,,,,,,,0,,0.0,,,,,,,,,accuracy phase was not run,
sddmm_csr_f32_int_non_non_row,,performance,Passed,True,,,,,,0,0,238.18472994299373,238.18472994299373,110,,sddmm_csr/performance_result.json,/root/gcx/q4/FlagSparse/results_musa_q4_20260928T145913Z/performance/sddmm_csr/performance_stdout.log,/root/gcx/q4/FlagSparse/results_musa_q4_20260928T145913Z/performance/sddmm_csr/performance_stdout.log,/root/gcx/q4/FlagSparse/results_musa_q4_20260928T145913Z/performance/sddmm_csr/performance_stderr.log,/root/gcx/q4/FlagSparse/results_musa_q4_20260928T145913Z/performance/sddmm_csr/performance.csv,,/usr/bin/python3 /root/gcx/q4/FlagSparse/tests/test_sddmm.py /root/gcx/q4/FlagSparse/tests/data --csv /root/gcx/q4/FlagSparse/results_musa_q4_20260928T145913Z/performance/sddmm_csr/performance.csv --q4-variants --warmup 5 --iters 20
sddmm_csr_f32_int_non_trans_row,,accuracy,NOT_CONFIGURED,,,,,,,0,,0.0,,,,,,,,,accuracy phase was not run,
sddmm_csr_f32_int_non_trans_row,,performance,Passed,True,,,,,,0,0,238.18472994299373,238.18472994299373,110,,sddmm_csr/performance_result.json,/root/gcx/q4/FlagSparse/results_musa_q4_20260928T145913Z/performance/sddmm_csr/performance_stdout.log,/root/gcx/q4/FlagSparse/results_musa_q4_20260928T145913Z/performance/sddmm_csr/performance_stdout.log,/root/gcx/q4/FlagSparse/results_musa_q4_20260928T145913Z/performance/sddmm_csr/performance_stderr.log,/root/gcx/q4/FlagSparse/results_musa_q4_20260928T145913Z/performance/sddmm_csr/performance.csv,,/usr/bin/python3 /root/gcx/q4/FlagSparse/tests/test_sddmm.py /root/gcx/q4/FlagSparse/tests/data --csv /root/gcx/q4/FlagSparse/results_musa_q4_20260928T145913Z/performance/sddmm_csr/performance.csv --q4-variants --warmup 5 --iters 20
sddmm_csr_f32_int_trans_non_row,,accuracy,NOT_CONFIGURED,,,,,,,0,,0.0,,,,,,,,,accuracy phase was not run,
sddmm_csr_f32_int_trans_non_row,,performance,Passed,True,,,,,,0,0,238.18472994299373,238.18472994299373,110,,sddmm_csr/performance_result.json,/root/gcx/q4/FlagSparse/results_musa_q4_20260928T145913Z/performance/sddmm_csr/performance_stdout.log,/root/gcx/q4/FlagSparse/results_musa_q4_20260928T145913Z/performance/sddmm_csr/performance_stdout.log,/root/gcx/q4/FlagSparse/results_musa_q4_20260928T145913Z/performance/sddmm_csr/performance_stderr.log,/root/gcx/q4/FlagSparse/results_musa_q4_20260928T145913Z/performance/sddmm_csr/performance.csv,,/usr/bin/python3 /root/gcx/q4/FlagSparse/tests/test_sddmm.py /root/gcx/q4/FlagSparse/tests/data --csv /root/gcx/q4/FlagSparse/results_musa_q4_20260928T145913Z/performance/sddmm_csr/performance.csv --q4-variants --warmup 5 --iters 20
sddmm_csr_f64_int_non_non_row,,accuracy,NOT_CONFIGURED,,,,,,,0,,0.0,,,,,,,,,accuracy phase was not run,
sddmm_csr_f64_int_non_non_row,,performance,Passed,True,,,,,,0,0,238.18472994299373,238.18472994299373,110,,sddmm_csr/performance_result.json,/root/gcx/q4/FlagSparse/results_musa_q4_20260928T145913Z/performance/sddmm_csr/performance_stdout.log,/root/gcx/q4/FlagSparse/results_musa_q4_20260928T145913Z/performance/sddmm_csr/performance_stdout.log,/root/gcx/q4/FlagSparse/results_musa_q4_20260928T145913Z/performance/sddmm_csr/performance_stderr.log,/root/gcx/q4/FlagSparse/results_musa_q4_20260928T145913Z/performance/sddmm_csr/performance.csv,,/usr/bin/python3 /root/gcx/q4/FlagSparse/tests/test_sddmm.py /root/gcx/q4/FlagSparse/tests/data --csv /root/gcx/q4/FlagSparse/results_musa_q4_20260928T145913Z/performance/sddmm_csr/performance.csv --q4-variants --warmup 5 --iters 20
spmm_bell_f32_int_non_non_row,,accuracy,NOT_CONFIGURED,,,,,,,0,,0.0,,,,,,,,,accuracy phase was not run,
spmm_bell_f32_int_non_non_row,,performance,FAIL,True,,,,,,0,0,10525.843393380928,10525.843393380928,90,,spmm_bell/performance_result.json,/root/gcx/q4/FlagSparse/results_musa_q4_20260928T145913Z/performance/spmm_bell/performance_stdout.log,/root/gcx/q4/FlagSparse/results_musa_q4_20260928T145913Z/performance/spmm_bell/performance_stdout.log,/root/gcx/q4/FlagSparse/results_musa_q4_20260928T145913Z/performance/spmm_bell/performance_stderr.log,/root/gcx/q4/FlagSparse/results_musa_q4_20260928T145913Z/performance/spmm_bell/performance.csv,,/usr/bin/python3 /root/gcx/q4/FlagSparse/tests/test_spmm_bell.py /root/gcx/q4/FlagSparse/tests/data/ASIC_680ks.mtx --csv-bell /root/gcx/q4/FlagSparse/results_musa_q4_20260928T145913Z/performance/spmm_bell/bell_cases/0000_ASIC_680ks/performance.csv --q4-variants --ops non --block-dims 2 --warmup 5 --iters 20
spmm_bsr_f32_int_non_non_row,,accuracy,NOT_CONFIGURED,,,,,,,0,,0.0,,,,,,,,,accuracy phase was not run,
spmm_bsr_f32_int_non_non_row,,performance,NOT_CONFIGURED,,,,,,,0,,0.0,,,,,,,,,the benchmark recorded no f32 rows,
spmm_coo_c32_int_non_non_row,,accuracy,NOT_CONFIGURED,,,,,,,0,,0.0,,,,,,,,,accuracy phase was not run,
spmm_coo_c32_int_non_non_row,,performance,Passed,True,,,,,,0,0,120.30234148300951,120.30234148300951,100,,spmm_coo/performance_result.json,/root/gcx/q4/FlagSparse/results_musa_q4_20260928T145913Z/performance/spmm_coo/performance_stdout.log,/root/gcx/q4/FlagSparse/results_musa_q4_20260928T145913Z/performance/spmm_coo/performance_stdout.log,/root/gcx/q4/FlagSparse/results_musa_q4_20260928T145913Z/performance/spmm_coo/performance_stderr.log,/root/gcx/q4/FlagSparse/results_musa_q4_20260928T145913Z/performance/spmm_coo/performance.csv,,/usr/bin/python3 /root/gcx/q4/FlagSparse/tests/test_spmm_coo.py /root/gcx/q4/FlagSparse/tests/data --csv /root/gcx/q4/FlagSparse/results_musa_q4_20260928T145913Z/performance/spmm_coo/performance.csv --q4-variants --warmup 5 --iters 20
spmm_coo_f16_int_non_non_row,,accuracy,NOT_CONFIGURED,,,,,,,0,,0.0,,,,,,,,,accuracy phase was not run,
spmm_coo_f16_int_non_non_row,,performance,Passed,True,,,,,,0,0,120.30234148300951,120.30234148300951,100,,spmm_coo/performance_result.json,/root/gcx/q4/FlagSparse/results_musa_q4_20260928T145913Z/performance/spmm_coo/performance_stdout.log,/root/gcx/q4/FlagSparse/results_musa_q4_20260928T145913Z/performance/spmm_coo/performance_stdout.log,/root/gcx/q4/FlagSparse/results_musa_q4_20260928T145913Z/performance/spmm_coo/performance_stderr.log,/root/gcx/q4/FlagSparse/results_musa_q4_20260928T145913Z/performance/spmm_coo/performance.csv,,/usr/bin/python3 /root/gcx/q4/FlagSparse/tests/test_spmm_coo.py /root/gcx/q4/FlagSparse/tests/data --csv /root/gcx/q4/FlagSparse/results_musa_q4_20260928T145913Z/performance/spmm_coo/performance.csv --q4-variants --warmup 5 --iters 20
spmm_coo_f32_int_non_non_row,,accuracy,NOT_CONFIGURED,,,,,,,0,,0.0,,,,,,,,,accuracy phase was not run,
spmm_coo_f32_int_non_non_row,,performance,Passed,True,,,,,,0,0,120.30234148300951,120.30234148300951,100,,spmm_coo/performance_result.json,/root/gcx/q4/FlagSparse/results_musa_q4_20260928T145913Z/performance/spmm_coo/performance_stdout.log,/root/gcx/q4/FlagSparse/results_musa_q4_20260928T145913Z/performance/spmm_coo/performance_stdout.log,/root/gcx/q4/FlagSparse/results_musa_q4_20260928T145913Z/performance/spmm_coo/performance_stderr.log,/root/gcx/q4/FlagSparse/results_musa_q4_20260928T145913Z/performance/spmm_coo/performance.csv,,/usr/bin/python3 /root/gcx/q4/FlagSparse/tests/test_spmm_coo.py /root/gcx/q4/FlagSparse/tests/data --csv /root/gcx/q4/FlagSparse/results_musa_q4_20260928T145913Z/performance/spmm_coo/performance.csv --q4-variants --warmup 5 --iters 20
spmm_coo_f64_int_non_non_row,,accuracy,NOT_CONFIGURED,,,,,,,0,,0.0,,,,,,,,,accuracy phase was not run,
spmm_coo_f64_int_non_non_row,,performance,Passed,True,,,,,,0,0,120.30234148300951,120.30234148300951,100,,spmm_coo/performance_result.json,/root/gcx/q4/FlagSparse/results_musa_q4_20260928T145913Z/performance/spmm_coo/performance_stdout.log,/root/gcx/q4/FlagSparse/results_musa_q4_20260928T145913Z/performance/spmm_coo/performance_stdout.log,/root/gcx/q4/FlagSparse/results_musa_q4_20260928T145913Z/performance/spmm_coo/performance_stderr.log,/root/gcx/q4/FlagSparse/results_musa_q4_20260928T145913Z/performance/spmm_coo/performance.csv,,/usr/bin/python3 /root/gcx/q4/FlagSparse/tests/test_spmm_coo.py /root/gcx/q4/FlagSparse/tests/data --csv /root/gcx/q4/FlagSparse/results_musa_q4_20260928T145913Z/performance/spmm_coo/performance.csv --q4-variants --warmup 5 --iters 20
spmm_csc_f32_int_non_non_row,,accuracy,NOT_CONFIGURED,,,,,,,0,,0.0,,,,,,,,,accuracy phase was not run,
spmm_csc_f32_int_non_non_row,,performance,NOT_CONFIGURED,,,,,,,0,,0.0,,,,,,,,,the benchmark recorded no f32 rows,
spmm_csr_c32_int_non_non_row,,accuracy,NOT_CONFIGURED,,,,,,,0,,0.0,,,,,,,,,accuracy phase was not run,
spmm_csr_c32_int_non_non_row,,performance,Passed,True,,,,,,0,0,593.3120758269797,593.3120758269797,310,,spmm_csr/performance_result.json,/root/gcx/q4/FlagSparse/results_musa_q4_20260928T145913Z/performance/spmm_csr/performance_stdout.log,/root/gcx/q4/FlagSparse/results_musa_q4_20260928T145913Z/performance/spmm_csr/performance_stdout.log,/root/gcx/q4/FlagSparse/results_musa_q4_20260928T145913Z/performance/spmm_csr/performance_stderr.log,/root/gcx/q4/FlagSparse/results_musa_q4_20260928T145913Z/performance/spmm_csr/performance.csv,,/usr/bin/python3 /root/gcx/q4/FlagSparse/tests/test_spmm.py /root/gcx/q4/FlagSparse/tests/data --csv /root/gcx/q4/FlagSparse/results_musa_q4_20260928T145913Z/performance/spmm_csr/performance.csv --q4-variants --warmup 5 --iters 20
spmm_csr_f16_int_non_non_row,,accuracy,NOT_CONFIGURED,,,,,,,0,,0.0,,,,,,,,,accuracy phase was not run,
spmm_csr_f16_int_non_non_row,,performance,Passed,True,,,,,,0,0,593.3120758269797,593.3120758269797,310,,spmm_csr/performance_result.json,/root/gcx/q4/FlagSparse/results_musa_q4_20260928T145913Z/performance/spmm_csr/performance_stdout.log,/root/gcx/q4/FlagSparse/results_musa_q4_20260928T145913Z/performance/spmm_csr/performance_stdout.log,/root/gcx/q4/FlagSparse/results_musa_q4_20260928T145913Z/performance/spmm_csr/performance_stderr.log,/root/gcx/q4/FlagSparse/results_musa_q4_20260928T145913Z/performance/spmm_csr/performance.csv,,/usr/bin/python3 /root/gcx/q4/FlagSparse/tests/test_spmm.py /root/gcx/q4/FlagSparse/tests/data --csv /root/gcx/q4/FlagSparse/results_musa_q4_20260928T145913Z/performance/spmm_csr/performance.csv --q4-variants --warmup 5 --iters 20
spmm_csr_f16f32_int_non_non_row,,accuracy,NOT_CONFIGURED,,,,,,,0,,0.0,,,,,,,,,accuracy phase was not run,
spmm_csr_f16f32_int_non_non_row,,performance,Passed,True,,,,,,0,0,593.3120758269797,593.3120758269797,310,,spmm_csr/performance_result.json,/root/gcx/q4/FlagSparse/results_musa_q4_20260928T145913Z/performance/spmm_csr/performance_stdout.log,/root/gcx/q4/FlagSparse/results_musa_q4_20260928T145913Z/performance/spmm_csr/performance_stdout.log,/root/gcx/q4/FlagSparse/results_musa_q4_20260928T145913Z/performance/spmm_csr/performance_stderr.log,/root/gcx/q4/FlagSparse/results_musa_q4_20260928T145913Z/performance/spmm_csr/performance.csv,,/usr/bin/python3 /root/gcx/q4/FlagSparse/tests/test_spmm.py /root/gcx/q4/FlagSparse/tests/data --csv /root/gcx/q4/FlagSparse/results_musa_q4_20260928T145913Z/performance/spmm_csr/performance.csv --q4-variants --warmup 5 --iters 20
spmm_csr_f32_int_non_non_col,,accuracy,NOT_CONFIGURED,,,,,,,0,,0.0,,,,,,,,,accuracy phase was not run,
spmm_csr_f32_int_non_non_col,,performance,Passed,True,,,,,,0,0,593.3120758269797,593.3120758269797,310,,spmm_csr/performance_result.json,/root/gcx/q4/FlagSparse/results_musa_q4_20260928T145913Z/performance/spmm_csr/performance_stdout.log,/root/gcx/q4/FlagSparse/results_musa_q4_20260928T145913Z/performance/spmm_csr/performance_stdout.log,/root/gcx/q4/FlagSparse/results_musa_q4_20260928T145913Z/performance/spmm_csr/performance_stderr.log,/root/gcx/q4/FlagSparse/results_musa_q4_20260928T145913Z/performance/spmm_csr/performance.csv,,/usr/bin/python3 /root/gcx/q4/FlagSparse/tests/test_spmm.py /root/gcx/q4/FlagSparse/tests/data --csv /root/gcx/q4/FlagSparse/results_musa_q4_20260928T145913Z/performance/spmm_csr/performance.csv --q4-variants --warmup 5 --iters 20
spmm_csr_f32_int_non_non_row,,accuracy,NOT_CONFIGURED,,,,,,,0,,0.0,,,,,,,,,accuracy phase was not run,
spmm_csr_f32_int_non_non_row,,performance,Passed,True,,,,,,0,0,593.3120758269797,593.3120758269797,310,,spmm_csr/performance_result.json,/root/gcx/q4/FlagSparse/results_musa_q4_20260928T145913Z/performance/spmm_csr/performance_stdout.log,/root/gcx/q4/FlagSparse/results_musa_q4_20260928T145913Z/performance/spmm_csr/performance_stdout.log,/root/gcx/q4/FlagSparse/results_musa_q4_20260928T145913Z/performance/spmm_csr/performance_stderr.log,/root/gcx/q4/FlagSparse/results_musa_q4_20260928T145913Z/performance/spmm_csr/performance.csv,,/usr/bin/python3 /root/gcx/q4/FlagSparse/tests/test_spmm.py /root/gcx/q4/FlagSparse/tests/data --csv /root/gcx/q4/FlagSparse/results_musa_q4_20260928T145913Z/performance/spmm_csr/performance.csv --q4-variants --warmup 5 --iters 20
spmm_csr_f32_int_non_trans_row,,accuracy,NOT_CONFIGURED,,,,,,,0,,0.0,,,,,,,,,accuracy phase was not run,
spmm_csr_f32_int_non_trans_row,,performance,Passed,True,,,,,,0,0,593.3120758269797,593.3120758269797,310,,spmm_csr/performance_result.json,/root/gcx/q4/FlagSparse/results_musa_q4_20260928T145913Z/performance/spmm_csr/performance_stdout.log,/root/gcx/q4/FlagSparse/results_musa_q4_20260928T145913Z/performance/spmm_csr/performance_stdout.log,/root/gcx/q4/FlagSparse/results_musa_q4_20260928T145913Z/performance/spmm_csr/performance_stderr.log,/root/gcx/q4/FlagSparse/results_musa_q4_20260928T145913Z/performance/spmm_csr/performance.csv,,/usr/bin/python3 /root/gcx/q4/FlagSparse/tests/test_spmm.py /root/gcx/q4/FlagSparse/tests/data --csv /root/gcx/q4/FlagSparse/results_musa_q4_20260928T145913Z/performance/spmm_csr/performance.csv --q4-variants --warmup 5 --iters 20
spmm_csr_f32_int_trans_non_row,,accuracy,NOT_CONFIGURED,,,,,,,0,,0.0,,,,,,,,,accuracy phase was not run,
spmm_csr_f32_int_trans_non_row,,performance,Passed,True,,,,,,0,0,593.3120758269797,593.3120758269797,310,,spmm_csr/performance_result.json,/root/gcx/q4/FlagSparse/results_musa_q4_20260928T145913Z/performance/spmm_csr/performance_stdout.log,/root/gcx/q4/FlagSparse/results_musa_q4_20260928T145913Z/performance/spmm_csr/performance_stdout.log,/root/gcx/q4/FlagSparse/results_musa_q4_20260928T145913Z/performance/spmm_csr/performance_stderr.log,/root/gcx/q4/FlagSparse/results_musa_q4_20260928T145913Z/performance/spmm_csr/performance.csv,,/usr/bin/python3 /root/gcx/q4/FlagSparse/tests/test_spmm.py /root/gcx/q4/FlagSparse/tests/data --csv /root/gcx/q4/FlagSparse/results_musa_q4_20260928T145913Z/performance/spmm_csr/performance.csv --q4-variants --warmup 5 --iters 20
spmm_csr_f64_int_non_non_row,,accuracy,NOT_CONFIGURED,,,,,,,0,,0.0,,,,,,,,,accuracy phase was not run,
spmm_csr_f64_int_non_non_row,,performance,Passed,True,,,,,,0,0,593.3120758269797,593.3120758269797,310,,spmm_csr/performance_result.json,/root/gcx/q4/FlagSparse/results_musa_q4_20260928T145913Z/performance/spmm_csr/performance_stdout.log,/root/gcx/q4/FlagSparse/results_musa_q4_20260928T145913Z/performance/spmm_csr/performance_stdout.log,/root/gcx/q4/FlagSparse/results_musa_q4_20260928T145913Z/performance/spmm_csr/performance_stderr.log,/root/gcx/q4/FlagSparse/results_musa_q4_20260928T145913Z/performance/spmm_csr/performance.csv,,/usr/bin/python3 /root/gcx/q4/FlagSparse/tests/test_spmm.py /root/gcx/q4/FlagSparse/tests/data --csv /root/gcx/q4/FlagSparse/results_musa_q4_20260928T145913Z/performance/spmm_csr/performance.csv --q4-variants --warmup 5 --iters 20
spmm_csr_i8i32_int_non_non_row,,accuracy,NOT_CONFIGURED,,,,,,,0,,0.0,,,,,,,,,accuracy phase was not run,
spmm_csr_i8i32_int_non_non_row,,performance,Passed,True,,,,,,0,0,593.3120758269797,593.3120758269797,310,,spmm_csr/performance_result.json,/root/gcx/q4/FlagSparse/results_musa_q4_20260928T145913Z/performance/spmm_csr/performance_stdout.log,/root/gcx/q4/FlagSparse/results_musa_q4_20260928T145913Z/performance/spmm_csr/performance_stdout.log,/root/gcx/q4/FlagSparse/results_musa_q4_20260928T145913Z/performance/spmm_csr/performance_stderr.log,/root/gcx/q4/FlagSparse/results_musa_q4_20260928T145913Z/performance/spmm_csr/performance.csv,,/usr/bin/python3 /root/gcx/q4/FlagSparse/tests/test_spmm.py /root/gcx/q4/FlagSparse/tests/data --csv /root/gcx/q4/FlagSparse/results_musa_q4_20260928T145913Z/performance/spmm_csr/performance.csv --q4-variants --warmup 5 --iters 20
spmv_coo_c32_int_conj,,accuracy,NOT_CONFIGURED,,,,,,,0,,0.0,,,,,,,,,accuracy phase was not run,
spmv_coo_c32_int_conj,,performance,Passed,True,,,,,,0,0,249.3355093880091,249.3355093880091,300,,spmv_coo/performance_result.json,/root/gcx/q4/FlagSparse/results_musa_q4_20260928T145913Z/performance/spmv_coo/performance_stdout.log,/root/gcx/q4/FlagSparse/results_musa_q4_20260928T145913Z/performance/spmv_coo/performance_stdout.log,/root/gcx/q4/FlagSparse/results_musa_q4_20260928T145913Z/performance/spmv_coo/performance_stderr.log,/root/gcx/q4/FlagSparse/results_musa_q4_20260928T145913Z/performance/spmv_coo/performance.csv,,/usr/bin/python3 /root/gcx/q4/FlagSparse/tests/test_spmv_coo.py /root/gcx/q4/FlagSparse/tests/data --csv-coo /root/gcx/q4/FlagSparse/results_musa_q4_20260928T145913Z/performance/spmv_coo/performance.csv --q4-variants --warmup 5 --iters 20
spmv_coo_c32_int_non,,accuracy,NOT_CONFIGURED,,,,,,,0,,0.0,,,,,,,,,accuracy phase was not run,
spmv_coo_c32_int_non,,performance,Passed,True,,,,,,0,0,249.3355093880091,249.3355093880091,300,,spmv_coo/performance_result.json,/root/gcx/q4/FlagSparse/results_musa_q4_20260928T145913Z/performance/spmv_coo/performance_stdout.log,/root/gcx/q4/FlagSparse/results_musa_q4_20260928T145913Z/performance/spmv_coo/performance_stdout.log,/root/gcx/q4/FlagSparse/results_musa_q4_20260928T145913Z/performance/spmv_coo/performance_stderr.log,/root/gcx/q4/FlagSparse/results_musa_q4_20260928T145913Z/performance/spmv_coo/performance.csv,,/usr/bin/python3 /root/gcx/q4/FlagSparse/tests/test_spmv_coo.py /root/gcx/q4/FlagSparse/tests/data --csv-coo /root/gcx/q4/FlagSparse/results_musa_q4_20260928T145913Z/performance/spmv_coo/performance.csv --q4-variants --warmup 5 --iters 20
spmv_coo_f16_int_non,,accuracy,NOT_CONFIGURED,,,,,,,0,,0.0,,,,,,,,,accuracy phase was not run,
spmv_coo_f16_int_non,,performance,Passed,True,,,,,,0,0,249.3355093880091,249.3355093880091,300,,spmv_coo/performance_result.json,/root/gcx/q4/FlagSparse/results_musa_q4_20260928T145913Z/performance/spmv_coo/performance_stdout.log,/root/gcx/q4/FlagSparse/results_musa_q4_20260928T145913Z/performance/spmv_coo/performance_stdout.log,/root/gcx/q4/FlagSparse/results_musa_q4_20260928T145913Z/performance/spmv_coo/performance_stderr.log,/root/gcx/q4/FlagSparse/results_musa_q4_20260928T145913Z/performance/spmv_coo/performance.csv,,/usr/bin/python3 /root/gcx/q4/FlagSparse/tests/test_spmv_coo.py /root/gcx/q4/FlagSparse/tests/data --csv-coo /root/gcx/q4/FlagSparse/results_musa_q4_20260928T145913Z/performance/spmv_coo/performance.csv --q4-variants --warmup 5 --iters 20
spmv_coo_f16f32_int_non,,accuracy,NOT_CONFIGURED,,,,,,,0,,0.0,,,,,,,,,accuracy phase was not run,
spmv_coo_f16f32_int_non,,performance,Passed,True,,,,,,0,0,249.3355093880091,249.3355093880091,300,,spmv_coo/performance_result.json,/root/gcx/q4/FlagSparse/results_musa_q4_20260928T145913Z/performance/spmv_coo/performance_stdout.log,/root/gcx/q4/FlagSparse/results_musa_q4_20260928T145913Z/performance/spmv_coo/performance_stdout.log,/root/gcx/q4/FlagSparse/results_musa_q4_20260928T145913Z/performance/spmv_coo/performance_stderr.log,/root/gcx/q4/FlagSparse/results_musa_q4_20260928T145913Z/performance/spmv_coo/performance.csv,,/usr/bin/python3 /root/gcx/q4/FlagSparse/tests/test_spmv_coo.py /root/gcx/q4/FlagSparse/tests/data --csv-coo /root/gcx/q4/FlagSparse/results_musa_q4_20260928T145913Z/performance/spmv_coo/performance.csv --q4-variants --warmup 5 --iters 20
spmv_coo_f32_int_non,,accuracy,NOT_CONFIGURED,,,,,,,0,,0.0,,,,,,,,,accuracy phase was not run,
spmv_coo_f32_int_non,,performance,Passed,True,,,,,,0,0,249.3355093880091,249.3355093880091,300,,spmv_coo/performance_result.json,/root/gcx/q4/FlagSparse/results_musa_q4_20260928T145913Z/performance/spmv_coo/performance_stdout.log,/root/gcx/q4/FlagSparse/results_musa_q4_20260928T145913Z/performance/spmv_coo/performance_stdout.log,/root/gcx/q4/FlagSparse/results_musa_q4_20260928T145913Z/performance/spmv_coo/performance_stderr.log,/root/gcx/q4/FlagSparse/results_musa_q4_20260928T145913Z/performance/spmv_coo/performance.csv,,/usr/bin/python3 /root/gcx/q4/FlagSparse/tests/test_spmv_coo.py /root/gcx/q4/FlagSparse/tests/data --csv-coo /root/gcx/q4/FlagSparse/results_musa_q4_20260928T145913Z/performance/spmv_coo/performance.csv --q4-variants --warmup 5 --iters 20
spmv_coo_f32_int_trans,,accuracy,NOT_CONFIGURED,,,,,,,0,,0.0,,,,,,,,,accuracy phase was not run,
spmv_coo_f32_int_trans,,performance,Passed,True,,,,,,0,0,249.3355093880091,249.3355093880091,300,,spmv_coo/performance_result.json,/root/gcx/q4/FlagSparse/results_musa_q4_20260928T145913Z/performance/spmv_coo/performance_stdout.log,/root/gcx/q4/FlagSparse/results_musa_q4_20260928T145913Z/performance/spmv_coo/performance_stdout.log,/root/gcx/q4/FlagSparse/results_musa_q4_20260928T145913Z/performance/spmv_coo/performance_stderr.log,/root/gcx/q4/FlagSparse/results_musa_q4_20260928T145913Z/performance/spmv_coo/performance.csv,,/usr/bin/python3 /root/gcx/q4/FlagSparse/tests/test_spmv_coo.py /root/gcx/q4/FlagSparse/tests/data --csv-coo /root/gcx/q4/FlagSparse/results_musa_q4_20260928T145913Z/performance/spmv_coo/performance.csv --q4-variants --warmup 5 --iters 20
spmv_coo_f64_int_non,,accuracy,NOT_CONFIGURED,,,,,,,0,,0.0,,,,,,,,,accuracy phase was not run,
spmv_coo_f64_int_non,,performance,Passed,True,,,,,,0,0,249.3355093880091,249.3355093880091,300,,spmv_coo/performance_result.json,/root/gcx/q4/FlagSparse/results_musa_q4_20260928T145913Z/performance/spmv_coo/performance_stdout.log,/root/gcx/q4/FlagSparse/results_musa_q4_20260928T145913Z/performance/spmv_coo/performance_stdout.log,/root/gcx/q4/FlagSparse/results_musa_q4_20260928T145913Z/performance/spmv_coo/performance_stderr.log,/root/gcx/q4/FlagSparse/results_musa_q4_20260928T145913Z/performance/spmv_coo/performance.csv,,/usr/bin/python3 /root/gcx/q4/FlagSparse/tests/test_spmv_coo.py /root/gcx/q4/FlagSparse/tests/data --csv-coo /root/gcx/q4/FlagSparse/results_musa_q4_20260928T145913Z/performance/spmv_coo/performance.csv --q4-variants --warmup 5 --iters 20
spmv_coo_i8i32_int_non,,accuracy,NOT_CONFIGURED,,,,,,,0,,0.0,,,,,,,,,accuracy phase was not run,
spmv_coo_i8i32_int_non,,performance,Passed,True,,,,,,0,0,249.3355093880091,249.3355093880091,300,,spmv_coo/performance_result.json,/root/gcx/q4/FlagSparse/results_musa_q4_20260928T145913Z/performance/spmv_coo/performance_stdout.log,/root/gcx/q4/FlagSparse/results_musa_q4_20260928T145913Z/performance/spmv_coo/performance_stdout.log,/root/gcx/q4/FlagSparse/results_musa_q4_20260928T145913Z/performance/spmv_coo/performance_stderr.log,/root/gcx/q4/FlagSparse/results_musa_q4_20260928T145913Z/performance/spmv_coo/performance.csv,,/usr/bin/python3 /root/gcx/q4/FlagSparse/tests/test_spmv_coo.py /root/gcx/q4/FlagSparse/tests/data --csv-coo /root/gcx/q4/FlagSparse/results_musa_q4_20260928T145913Z/performance/spmv_coo/performance.csv --q4-variants --warmup 5 --iters 20
spmv_csc_c32_int_non,,accuracy,NOT_CONFIGURED,,,,,,,0,,0.0,,,,,,,,,accuracy phase was not run,
spmv_csc_c32_int_non,,performance,FAIL,True,,,,,,0,0,86.75039756495971,86.75039756495971,270,,spmv_csc/performance_result.json,/root/gcx/q4/FlagSparse/results_musa_q4_20260928T145913Z/performance/spmv_csc/performance_stdout.log,/root/gcx/q4/FlagSparse/results_musa_q4_20260928T145913Z/performance/spmv_csc/performance_stdout.log,/root/gcx/q4/FlagSparse/results_musa_q4_20260928T145913Z/performance/spmv_csc/performance_stderr.log,/root/gcx/q4/FlagSparse/results_musa_q4_20260928T145913Z/performance/spmv_csc/performance.csv,,/usr/bin/python3 /root/gcx/q4/FlagSparse/tests/test_spmv_csc.py /root/gcx/q4/FlagSparse/tests/data --csv-csc /root/gcx/q4/FlagSparse/results_musa_q4_20260928T145913Z/performance/spmv_csc/performance.csv --q4-variants --warmup 5 --iters 20
spmv_csc_f16_int_non,,accuracy,NOT_CONFIGURED,,,,,,,0,,0.0,,,,,,,,,accuracy phase was not run,
spmv_csc_f16_int_non,,performance,Passed,True,,,,,,0,0,86.75039756495971,86.75039756495971,270,,spmv_csc/performance_result.json,/root/gcx/q4/FlagSparse/results_musa_q4_20260928T145913Z/performance/spmv_csc/performance_stdout.log,/root/gcx/q4/FlagSparse/results_musa_q4_20260928T145913Z/performance/spmv_csc/performance_stdout.log,/root/gcx/q4/FlagSparse/results_musa_q4_20260928T145913Z/performance/spmv_csc/performance_stderr.log,/root/gcx/q4/FlagSparse/results_musa_q4_20260928T145913Z/performance/spmv_csc/performance.csv,,/usr/bin/python3 /root/gcx/q4/FlagSparse/tests/test_spmv_csc.py /root/gcx/q4/FlagSparse/tests/data --csv-csc /root/gcx/q4/FlagSparse/results_musa_q4_20260928T145913Z/performance/spmv_csc/performance.csv --q4-variants --warmup 5 --iters 20
spmv_csc_f32_int_non,,accuracy,NOT_CONFIGURED,,,,,,,0,,0.0,,,,,,,,,accuracy phase was not run,
spmv_csc_f32_int_non,,performance,Passed,True,,,,,,0,0,86.75039756495971,86.75039756495971,270,,spmv_csc/performance_result.json,/root/gcx/q4/FlagSparse/results_musa_q4_20260928T145913Z/performance/spmv_csc/performance_stdout.log,/root/gcx/q4/FlagSparse/results_musa_q4_20260928T145913Z/performance/spmv_csc/performance_stdout.log,/root/gcx/q4/FlagSparse/results_musa_q4_20260928T145913Z/performance/spmv_csc/performance_stderr.log,/root/gcx/q4/FlagSparse/results_musa_q4_20260928T145913Z/performance/spmv_csc/performance.csv,,/usr/bin/python3 /root/gcx/q4/FlagSparse/tests/test_spmv_csc.py /root/gcx/q4/FlagSparse/tests/data --csv-csc /root/gcx/q4/FlagSparse/results_musa_q4_20260928T145913Z/performance/spmv_csc/performance.csv --q4-variants --warmup 5 --iters 20
spmv_csr_c32_int_conj,,accuracy,NOT_CONFIGURED,,,,,,,0,,0.0,,,,,,,,,accuracy phase was not run,
spmv_csr_c32_int_conj,,performance,Passed,True,,,,,,0,0,163.40861458401196,163.40861458401196,180,,spmv_csr/performance_result.json,/root/gcx/q4/FlagSparse/results_musa_q4_20260928T145913Z/performance/spmv_csr/performance_stdout.log,/root/gcx/q4/FlagSparse/results_musa_q4_20260928T145913Z/performance/spmv_csr/performance_stdout.log,/root/gcx/q4/FlagSparse/results_musa_q4_20260928T145913Z/performance/spmv_csr/performance_stderr.log,/root/gcx/q4/FlagSparse/results_musa_q4_20260928T145913Z/performance/spmv_csr/performance.csv,,/usr/bin/python3 /root/gcx/q4/FlagSparse/tests/test_spmv_csr.py /root/gcx/q4/FlagSparse/tests/data --csv-csr /root/gcx/q4/FlagSparse/results_musa_q4_20260928T145913Z/performance/spmv_csr/performance.csv --q4-variants --alg compare --warmup 5 --iters 20
spmv_csr_c32_int_non,,accuracy,NOT_CONFIGURED,,,,,,,0,,0.0,,,,,,,,,accuracy phase was not run,
spmv_csr_c32_int_non,,performance,Passed,True,,,,,,0,0,163.40861458401196,163.40861458401196,180,,spmv_csr/performance_result.json,/root/gcx/q4/FlagSparse/results_musa_q4_20260928T145913Z/performance/spmv_csr/performance_stdout.log,/root/gcx/q4/FlagSparse/results_musa_q4_20260928T145913Z/performance/spmv_csr/performance_stdout.log,/root/gcx/q4/FlagSparse/results_musa_q4_20260928T145913Z/performance/spmv_csr/performance_stderr.log,/root/gcx/q4/FlagSparse/results_musa_q4_20260928T145913Z/performance/spmv_csr/performance.csv,,/usr/bin/python3 /root/gcx/q4/FlagSparse/tests/test_spmv_csr.py /root/gcx/q4/FlagSparse/tests/data --csv-csr /root/gcx/q4/FlagSparse/results_musa_q4_20260928T145913Z/performance/spmv_csr/performance.csv --q4-variants --alg compare --warmup 5 --iters 20
spmv_csr_f16_int_non,,accuracy,NOT_CONFIGURED,,,,,,,0,,0.0,,,,,,,,,accuracy phase was not run,
spmv_csr_f16_int_non,,performance,Passed,True,,,,,,0,0,163.40861458401196,163.40861458401196,180,,spmv_csr/performance_result.json,/root/gcx/q4/FlagSparse/results_musa_q4_20260928T145913Z/performance/spmv_csr/performance_stdout.log,/root/gcx/q4/FlagSparse/results_musa_q4_20260928T145913Z/performance/spmv_csr/performance_stdout.log,/root/gcx/q4/FlagSparse/results_musa_q4_20260928T145913Z/performance/spmv_csr/performance_stderr.log,/root/gcx/q4/FlagSparse/results_musa_q4_20260928T145913Z/performance/spmv_csr/performance.csv,,/usr/bin/python3 /root/gcx/q4/FlagSparse/tests/test_spmv_csr.py /root/gcx/q4/FlagSparse/tests/data --csv-csr /root/gcx/q4/FlagSparse/results_musa_q4_20260928T145913Z/performance/spmv_csr/performance.csv --q4-variants --alg compare --warmup 5 --iters 20
spmv_csr_f16f32_int_non,,accuracy,NOT_CONFIGURED,,,,,,,0,,0.0,,,,,,,,,accuracy phase was not run,
spmv_csr_f16f32_int_non,,performance,Passed,True,,,,,,0,0,163.40861458401196,163.40861458401196,180,,spmv_csr/performance_result.json,/root/gcx/q4/FlagSparse/results_musa_q4_20260928T145913Z/performance/spmv_csr/performance_stdout.log,/root/gcx/q4/FlagSparse/results_musa_q4_20260928T145913Z/performance/spmv_csr/performance_stdout.log,/root/gcx/q4/FlagSparse/results_musa_q4_20260928T145913Z/performance/spmv_csr/performance_stderr.log,/root/gcx/q4/FlagSparse/results_musa_q4_20260928T145913Z/performance/spmv_csr/performance.csv,,/usr/bin/python3 /root/gcx/q4/FlagSparse/tests/test_spmv_csr.py /root/gcx/q4/FlagSparse/tests/data --csv-csr /root/gcx/q4/FlagSparse/results_musa_q4_20260928T145913Z/performance/spmv_csr/performance.csv --q4-variants --alg compare --warmup 5 --iters 20
spmv_csr_f32_int_non,,accuracy,NOT_CONFIGURED,,,,,,,0,,0.0,,,,,,,,,accuracy phase was not run,
spmv_csr_f32_int_non,,performance,Passed,True,,,,,,0,0,163.40861458401196,163.40861458401196,180,,spmv_csr/performance_result.json,/root/gcx/q4/FlagSparse/results_musa_q4_20260928T145913Z/performance/spmv_csr/performance_stdout.log,/root/gcx/q4/FlagSparse/results_musa_q4_20260928T145913Z/performance/spmv_csr/performance_stdout.log,/root/gcx/q4/FlagSparse/results_musa_q4_20260928T145913Z/performance/spmv_csr/performance_stderr.log,/root/gcx/q4/FlagSparse/results_musa_q4_20260928T145913Z/performance/spmv_csr/performance.csv,,/usr/bin/python3 /root/gcx/q4/FlagSparse/tests/test_spmv_csr.py /root/gcx/q4/FlagSparse/tests/data --csv-csr /root/gcx/q4/FlagSparse/results_musa_q4_20260928T145913Z/performance/spmv_csr/performance.csv --q4-variants --alg compare --warmup 5 --iters 20
spmv_csr_f32_int_trans,,accuracy,NOT_CONFIGURED,,,,,,,0,,0.0,,,,,,,,,accuracy phase was not run,
spmv_csr_f32_int_trans,,performance,Passed,True,,,,,,0,0,163.40861458401196,163.40861458401196,180,,spmv_csr/performance_result.json,/root/gcx/q4/FlagSparse/results_musa_q4_20260928T145913Z/performance/spmv_csr/performance_stdout.log,/root/gcx/q4/FlagSparse/results_musa_q4_20260928T145913Z/performance/spmv_csr/performance_stdout.log,/root/gcx/q4/FlagSparse/results_musa_q4_20260928T145913Z/performance/spmv_csr/performance_stderr.log,/root/gcx/q4/FlagSparse/results_musa_q4_20260928T145913Z/performance/spmv_csr/performance.csv,,/usr/bin/python3 /root/gcx/q4/FlagSparse/tests/test_spmv_csr.py /root/gcx/q4/FlagSparse/tests/data --csv-csr /root/gcx/q4/FlagSparse/results_musa_q4_20260928T145913Z/performance/spmv_csr/performance.csv --q4-variants --alg compare --warmup 5 --iters 20
spmv_csr_f32c32_int_non,,accuracy,NOT_CONFIGURED,,,,,,,0,,0.0,,,,,,,,,accuracy phase was not run,
spmv_csr_f32c32_int_non,,performance,Passed,True,,,,,,0,0,163.40861458401196,163.40861458401196,180,,spmv_csr/performance_result.json,/root/gcx/q4/FlagSparse/results_musa_q4_20260928T145913Z/performance/spmv_csr/performance_stdout.log,/root/gcx/q4/FlagSparse/results_musa_q4_20260928T145913Z/performance/spmv_csr/performance_stdout.log,/root/gcx/q4/FlagSparse/results_musa_q4_20260928T145913Z/performance/spmv_csr/performance_stderr.log,/root/gcx/q4/FlagSparse/results_musa_q4_20260928T145913Z/performance/spmv_csr/performance.csv,,/usr/bin/python3 /root/gcx/q4/FlagSparse/tests/test_spmv_csr.py /root/gcx/q4/FlagSparse/tests/data --csv-csr /root/gcx/q4/FlagSparse/results_musa_q4_20260928T145913Z/performance/spmv_csr/performance.csv --q4-variants --alg compare --warmup 5 --iters 20
spmv_csr_f64_int_non,,accuracy,NOT_CONFIGURED,,,,,,,0,,0.0,,,,,,,,,accuracy phase was not run,
spmv_csr_f64_int_non,,performance,Passed,True,,,,,,0,0,163.40861458401196,163.40861458401196,180,,spmv_csr/performance_result.json,/root/gcx/q4/FlagSparse/results_musa_q4_20260928T145913Z/performance/spmv_csr/performance_stdout.log,/root/gcx/q4/FlagSparse/results_musa_q4_20260928T145913Z/performance/spmv_csr/performance_stdout.log,/root/gcx/q4/FlagSparse/results_musa_q4_20260928T145913Z/performance/spmv_csr/performance_stderr.log,/root/gcx/q4/FlagSparse/results_musa_q4_20260928T145913Z/performance/spmv_csr/performance.csv,,/usr/bin/python3 /root/gcx/q4/FlagSparse/tests/test_spmv_csr.py /root/gcx/q4/FlagSparse/tests/data --csv-csr /root/gcx/q4/FlagSparse/results_musa_q4_20260928T145913Z/performance/spmv_csr/performance.csv --q4-variants --alg compare --warmup 5 --iters 20
spmv_csr_i8f32_int_non,,accuracy,NOT_CONFIGURED,,,,,,,0,,0.0,,,,,,,,,accuracy phase was not run,
spmv_csr_i8f32_int_non,,performance,Passed,True,,,,,,0,0,163.40861458401196,163.40861458401196,180,,spmv_csr/performance_result.json,/root/gcx/q4/FlagSparse/results_musa_q4_20260928T145913Z/performance/spmv_csr/performance_stdout.log,/root/gcx/q4/FlagSparse/results_musa_q4_20260928T145913Z/performance/spmv_csr/performance_stdout.log,/root/gcx/q4/FlagSparse/results_musa_q4_20260928T145913Z/performance/spmv_csr/performance_stderr.log,/root/gcx/q4/FlagSparse/results_musa_q4_20260928T145913Z/performance/spmv_csr/performance.csv,,/usr/bin/python3 /root/gcx/q4/FlagSparse/tests/test_spmv_csr.py /root/gcx/q4/FlagSparse/tests/data --csv-csr /root/gcx/q4/FlagSparse/results_musa_q4_20260928T145913Z/performance/spmv_csr/performance.csv --q4-variants --alg compare --warmup 5 --iters 20
spmv_csr_i8i32_int_non,,accuracy,NOT_CONFIGURED,,,,,,,0,,0.0,,,,,,,,,accuracy phase was not run,
spmv_csr_i8i32_int_non,,performance,Passed,True,,,,,,0,0,163.40861458401196,163.40861458401196,180,,spmv_csr/performance_result.json,/root/gcx/q4/FlagSparse/results_musa_q4_20260928T145913Z/performance/spmv_csr/performance_stdout.log,/root/gcx/q4/FlagSparse/results_musa_q4_20260928T145913Z/performance/spmv_csr/performance_stdout.log,/root/gcx/q4/FlagSparse/results_musa_q4_20260928T145913Z/performance/spmv_csr/performance_stderr.log,/root/gcx/q4/FlagSparse/results_musa_q4_20260928T145913Z/performance/spmv_csr/performance.csv,,/usr/bin/python3 /root/gcx/q4/FlagSparse/tests/test_spmv_csr.py /root/gcx/q4/FlagSparse/tests/data --csv-csr /root/gcx/q4/FlagSparse/results_musa_q4_20260928T145913Z/performance/spmv_csr/performance.csv --q4-variants --alg compare --warmup 5 --iters 20
spmv_sell_c32_int_non,,accuracy,NOT_CONFIGURED,,,,,,,0,,0.0,,,,,,,,,accuracy phase was not run,
spmv_sell_c32_int_non,,performance,FAIL,True,,,,,,1,1,63.62171728402609,63.62171728402609,50,,spmv_sell/performance_result.json,/root/gcx/q4/FlagSparse/results_musa_q4_20260928T145913Z/performance/spmv_sell/performance_stdout.log,/root/gcx/q4/FlagSparse/results_musa_q4_20260928T145913Z/performance/spmv_sell/performance_stdout.log,/root/gcx/q4/FlagSparse/results_musa_q4_20260928T145913Z/performance/spmv_sell/performance_stderr.log,/root/gcx/q4/FlagSparse/results_musa_q4_20260928T145913Z/performance/spmv_sell/performance.csv,,/usr/bin/python3 /root/gcx/q4/FlagSparse/tests/test_spmv_sell.py /root/gcx/q4/FlagSparse/tests/data --csv /root/gcx/q4/FlagSparse/results_musa_q4_20260928T145913Z/performance/spmv_sell/performance.csv --warmup 5 --iters 20
spmv_sell_f16_int_non,,accuracy,NOT_CONFIGURED,,,,,,,0,,0.0,,,,,,,,,accuracy phase was not run,
spmv_sell_f16_int_non,,performance,FAIL,True,,,,,,1,1,63.62171728402609,63.62171728402609,50,,spmv_sell/performance_result.json,/root/gcx/q4/FlagSparse/results_musa_q4_20260928T145913Z/performance/spmv_sell/performance_stdout.log,/root/gcx/q4/FlagSparse/results_musa_q4_20260928T145913Z/performance/spmv_sell/performance_stdout.log,/root/gcx/q4/FlagSparse/results_musa_q4_20260928T145913Z/performance/spmv_sell/performance_stderr.log,/root/gcx/q4/FlagSparse/results_musa_q4_20260928T145913Z/performance/spmv_sell/performance.csv,,/usr/bin/python3 /root/gcx/q4/FlagSparse/tests/test_spmv_sell.py /root/gcx/q4/FlagSparse/tests/data --csv /root/gcx/q4/FlagSparse/results_musa_q4_20260928T145913Z/performance/spmv_sell/performance.csv --warmup 5 --iters 20
spmv_sell_f32_int_non,,accuracy,NOT_CONFIGURED,,,,,,,0,,0.0,,,,,,,,,accuracy phase was not run,
spmv_sell_f32_int_non,,performance,FAIL,True,,,,,,1,1,63.62171728402609,63.62171728402609,50,,spmv_sell/performance_result.json,/root/gcx/q4/FlagSparse/results_musa_q4_20260928T145913Z/performance/spmv_sell/performance_stdout.log,/root/gcx/q4/FlagSparse/results_musa_q4_20260928T145913Z/performance/spmv_sell/performance_stdout.log,/root/gcx/q4/FlagSparse/results_musa_q4_20260928T145913Z/performance/spmv_sell/performance_stderr.log,/root/gcx/q4/FlagSparse/results_musa_q4_20260928T145913Z/performance/spmv_sell/performance.csv,,/usr/bin/python3 /root/gcx/q4/FlagSparse/tests/test_spmv_sell.py /root/gcx/q4/FlagSparse/tests/data --csv /root/gcx/q4/FlagSparse/results_musa_q4_20260928T145913Z/performance/spmv_sell/performance.csv --warmup 5 --iters 20
spmv_sell_i8i32_int_non,,accuracy,NOT_CONFIGURED,,,,,,,0,,0.0,,,,,,,,,accuracy phase was not run,
spmv_sell_i8i32_int_non,,performance,FAIL,True,,,,,,1,1,63.62171728402609,63.62171728402609,50,,spmv_sell/performance_result.json,/root/gcx/q4/FlagSparse/results_musa_q4_20260928T145913Z/performance/spmv_sell/performance_stdout.log,/root/gcx/q4/FlagSparse/results_musa_q4_20260928T145913Z/performance/spmv_sell/performance_stdout.log,/root/gcx/q4/FlagSparse/results_musa_q4_20260928T145913Z/performance/spmv_sell/performance_stderr.log,/root/gcx/q4/FlagSparse/results_musa_q4_20260928T145913Z/performance/spmv_sell/performance.csv,,/usr/bin/python3 /root/gcx/q4/FlagSparse/tests/test_spmv_sell.py /root/gcx/q4/FlagSparse/tests/data --csv /root/gcx/q4/FlagSparse/results_musa_q4_20260928T145913Z/performance/spmv_sell/performance.csv --warmup 5 --iters 20
spvv_c32_int_conj,,accuracy,NOT_CONFIGURED,,,,,,,0,,0.0,,,,,,,,,accuracy phase was not run,
spvv_c32_int_conj,,performance,Passed,True,,,,,,0,0,15.212598506012,15.212598506012,16,1.0383209315610975,spvv/performance_result.json,/root/gcx/q4/FlagSparse/results_musa_q4_20260928T145913Z/performance/spvv/performance_stdout.log,/root/gcx/q4/FlagSparse/results_musa_q4_20260928T145913Z/performance/spvv/performance_stdout.log,/root/gcx/q4/FlagSparse/results_musa_q4_20260928T145913Z/performance/spvv/performance_stderr.log,/root/gcx/q4/FlagSparse/results_musa_q4_20260928T145913Z/performance/spvv/performance.csv,,/usr/bin/python3 /root/gcx/q4/FlagSparse/tests/test_vector_ops.py --op spvv --csv-summary /root/gcx/q4/FlagSparse/results_musa_q4_20260928T145913Z/performance/spvv/performance.csv --warmup 5 --iters 20
spvv_f16f32_int_non,,accuracy,NOT_CONFIGURED,,,,,,,0,,0.0,,,,,,,,,accuracy phase was not run,
spvv_f16f32_int_non,,performance,Passed,True,,,,,,0,0,15.212598506012,15.212598506012,16,1.0383209315610975,spvv/performance_result.json,/root/gcx/q4/FlagSparse/results_musa_q4_20260928T145913Z/performance/spvv/performance_stdout.log,/root/gcx/q4/FlagSparse/results_musa_q4_20260928T145913Z/performance/spvv/performance_stdout.log,/root/gcx/q4/FlagSparse/results_musa_q4_20260928T145913Z/performance/spvv/performance_stderr.log,/root/gcx/q4/FlagSparse/results_musa_q4_20260928T145913Z/performance/spvv/performance.csv,,/usr/bin/python3 /root/gcx/q4/FlagSparse/tests/test_vector_ops.py --op spvv --csv-summary /root/gcx/q4/FlagSparse/results_musa_q4_20260928T145913Z/performance/spvv/performance.csv --warmup 5 --iters 20
spvv_i8i32_int_non,,accuracy,NOT_CONFIGURED,,,,,,,0,,0.0,,,,,,,,,accuracy phase was not run,
spvv_i8i32_int_non,,performance,Passed,True,,,,,,0,0,15.212598506012,15.212598506012,16,1.0383209315610975,spvv/performance_result.json,/root/gcx/q4/FlagSparse/results_musa_q4_20260928T145913Z/performance/spvv/performance_stdout.log,/root/gcx/q4/FlagSparse/results_musa_q4_20260928T145913Z/performance/spvv/performance_stdout.log,/root/gcx/q4/FlagSparse/results_musa_q4_20260928T145913Z/performance/spvv/performance_stderr.log,/root/gcx/q4/FlagSparse/results_musa_q4_20260928T145913Z/performance/spvv/performance.csv,,/usr/bin/python3 /root/gcx/q4/FlagSparse/tests/test_vector_ops.py --op spvv --csv-summary /root/gcx/q4/FlagSparse/results_musa_q4_20260928T145913Z/performance/spvv/performance.csv --warmup 5 --iters 20
